id,first_name,last_name,email,gender
1,Putnem,Burtonshaw,pburtonshaw0@amazon.co.uk,Male
2,Fons,Mabbot,fmabbot1@exblog.jp,Male
3,Ricky,Bedells,rbedells2@bloglines.com,Female
4,Theodore,Bissett,tbissett3@tumblr.com,Bigender
5,Elfrieda,Kinman,ekinman4@europa.eu,Female
6,Pebrook,MacGuiness,pmacguiness5@hubpages.com,Male
7,Jobina,Philimore,jphilimore6@google.cn,Female
8,Rolfe,Greeves,rgreeves7@google.co.uk,Male
9,Gerardo,Androck,gandrock8@arizona.edu,Male
10,Kain,Vautin,kvautin9@wikispaces.com,Male
11,Russ,Mallabon,rmallabona@over-blog.com,Male
12,Calhoun,Thorwarth,cthorwarthb@weibo.com,Male
13,Adelaida,Beazley,abeazleyc@cnn.com,Female
14,Pippa,Starbeck,pstarbeckd@xrea.com,Non-binary
15,Gustie,Semble,gsemblee@google.ru,Female
16,Kippie,Goodsal,kgoodsalf@yale.edu,Female
17,Yolanthe,Showell,yshowellg@state.gov,Female
18,Mitzi,Curl,mcurlh@google.co.jp,Female
19,Katlin,Bernard,kbernardi@webmd.com,Female
20,Winthrop,Skeel,wskeelj@yolasite.com,Male
21,Hannis,Balden,hbaldenk@artisteer.com,Female
22,Dulcinea,Wellbelove,dwellbelovel@biglobe.ne.jp,Female
23,Lucky,Royds,lroydsm@baidu.com,Female
24,Cazzie,Ferris,cferrisn@bandcamp.com,Male
25,Linnea,Boatman,lboatmano@naver.com,Female
26,Zebedee,Fowlie,zfowliep@dion.ne.jp,Male
27,Marc,Graffin,mgraffinq@naver.com,Male
28,Antony,Surgey,asurgeyr@live.com,Male
29,Babette,Lacer,blacers@blog.com,Female
30,Flemming,Tukesby,ftukesbyt@huffingtonpost.com,Genderqueer
31,Marigold,Garrat,mgarratu@bloglovin.com,Female
32,Oneida,Davids,odavidsv@upenn.edu,Female
33,Kort,MacNeillie,kmacneilliew@businessweek.com,Male
34,Tyrone,Borel,tborelx@ifeng.com,Male
35,Hadrian,Cosgrove,hcosgrovey@tumblr.com,Male
36,Giffie,Frankiewicz,gfrankiewiczz@psu.edu,Male
37,Stanfield,Seth,sseth10@smh.com.au,Male
38,Mirabella,Pockett,mpockett11@miitbeian.gov.cn,Female
39,Adele,Jagiello,ajagiello12@ehow.com,Genderqueer
40,Willi,Corington,wcorington13@jalbum.net,Male
41,Darrin,Assaf,dassaf14@wired.com,Male
42,Tobe,Jandac,tjandac15@earthlink.net,Male
43,Osmund,Wolledge,owolledge16@chron.com,Male
44,Hallie,Wescott,hwescott17@zimbio.com,Female
45,Aura,Dukes,adukes18@addthis.com,Female
46,Vivienne,Goater,vgoater19@artisteer.com,Female
47,Wayland,McNay,wmcnay1a@twitpic.com,Male
48,Codi,Gleave,cgleave1b@weather.com,Male
49,Byran,Steffens,bsteffens1c@webeden.co.uk,Male
50,Gilbert,Ritzman,gritzman1d@fc2.com,Male
51,Ludovika,Adamsson,ladamsson1e@tiny.cc,Female
52,Roana,Craydon,rcraydon1f@hc360.com,Female
53,Garvin,Bruhn,gbruhn1g@ted.com,Male
54,Clywd,Tizard,ctizard1h@usatoday.com,Polygender
55,Constantine,Duffill,cduffill1i@nytimes.com,Male
56,Jewel,Easby,jeasby1j@privacy.gov.au,Non-binary
57,Jarrad,Rollin,jrollin1k@last.fm,Male
58,Orelee,Babst,obabst1l@seattletimes.com,Female
59,Marget,Exeter,mexeter1m@oracle.com,Female
60,Weidar,Wilcocks,wwilcocks1n@admin.ch,Male
61,Essie,Riley,eriley1o@sina.com.cn,Female
62,Fifine,Corson,fcorson1p@nymag.com,Female
63,Georgianna,Gerdts,ggerdts1q@tripadvisor.com,Polygender
64,Geoffry,Brickdale,gbrickdale1r@google.com.au,Male
65,Rosella,Wignall,rwignall1s@boston.com,Female
66,Gallagher,Itzkin,gitzkin1t@wufoo.com,Male
67,Calli,Romaint,cromaint1u@weibo.com,Female
68,Sully,Justun,sjustun1v@naver.com,Male
69,Ina,Stickel,istickel1w@abc.net.au,Female
70,Pietro,Winspurr,pwinspurr1x@noaa.gov,Male
71,Theadora,Cuttle,tcuttle1y@topsy.com,Female
72,Lolly,Marlor,lmarlor1z@eventbrite.com,Female
73,Mattie,Challes,mchalles20@cbc.ca,Bigender
74,Robyn,Thwaite,rthwaite21@devhub.com,Female
75,Niki,Mesias,nmesias22@csmonitor.com,Female
76,Iona,Utridge,iutridge23@friendfeed.com,Female
77,Alberik,Millions,amillions24@gravatar.com,Genderqueer
78,Dukie,Cheers,dcheers25@prlog.org,Male
79,Myrlene,Kneller,mkneller26@constantcontact.com,Female
80,Karlik,Clifton,kclifton27@census.gov,Male
81,Colet,Cambden,ccambden28@vk.com,Male
82,Adolpho,Gowan,agowan29@bizjournals.com,Male
83,Netty,Standingford,nstandingford2a@usda.gov,Female
84,Danita,Vallery,dvallery2b@chicagotribune.com,Female
85,Giff,Melarkey,gmelarkey2c@google.es,Male
86,Shem,Yurocjhin,syurocjhin2d@lycos.com,Male
87,Camellia,Bresnen,cbresnen2e@artisteer.com,Polygender
88,Link,Glen,lglen2f@nsw.gov.au,Male
89,Laughton,Andrioni,landrioni2g@dropbox.com,Male
90,Andre,Cooley,acooley2h@bbc.co.uk,Male
91,Danna,Chishull,dchishull2i@hhs.gov,Female
92,Aluin,Templeman,atempleman2j@ucoz.com,Male
93,Shanna,Hagstone,shagstone2k@spotify.com,Female
94,Vinny,Sissot,vsissot2l@mail.ru,Male
95,Dewie,O'Driscole,dodriscole2m@accuweather.com,Male
96,Aundrea,Bulger,abulger2n@over-blog.com,Bigender
97,Marcille,Couroy,mcouroy2o@g.co,Female
98,Wilfred,Durker,wdurker2p@wunderground.com,Non-binary
99,Iggy,Trevaskis,itrevaskis2q@yahoo.co.jp,Male
100,Vito,Duff,vduff2r@phoca.cz,Male
101,Mayer,Forsdyke,mforsdyke2s@redcross.org,Male
102,Brianne,Malkin,bmalkin2t@twitter.com,Female
103,Christine,Rizzardo,crizzardo2u@ucla.edu,Female
104,Shaylah,Turbat,sturbat2v@netvibes.com,Female
105,Nonah,Biasio,nbiasio2w@instagram.com,Female
106,Gizela,Weems,gweems2x@examiner.com,Female
107,Lacie,Kermott,lkermott2y@home.pl,Female
108,Catarina,Driver,cdriver2z@ihg.com,Female
109,Sephira,Westwell,swestwell30@dyndns.org,Female
110,Tisha,Carnoghan,tcarnoghan31@yolasite.com,Female
111,Rafa,Bright,rbright32@cdbaby.com,Female
112,Cilka,D'Errico,cderrico33@webnode.com,Female
113,Novelia,Keenlayside,nkeenlayside34@rambler.ru,Female
114,Amalita,Dziwisz,adziwisz35@slideshare.net,Female
115,Gus,Ethelston,gethelston36@kickstarter.com,Male
116,Truman,Colquite,tcolquite37@si.edu,Male
117,Cindelyn,Blazejewski,cblazejewski38@mapquest.com,Female
118,Leila,Petrillo,lpetrillo39@spotify.com,Female
119,Elora,Rozanski,erozanski3a@networkadvertising.org,Female
120,Maynard,Aizikovich,maizikovich3b@yale.edu,Male
121,Abbey,Wyvill,awyvill3c@cnbc.com,Male
122,Sheelah,Fills,sfills3d@scribd.com,Female
123,Garald,Stranio,gstranio3e@ucoz.com,Male
124,Junina,Brideoke,jbrideoke3f@xrea.com,Female
125,Tandy,McDavid,tmcdavid3g@hp.com,Female
126,Leann,Huban,lhuban3h@economist.com,Female
127,Charla,Naismith,cnaismith3i@goodreads.com,Female
128,Ferd,Bifield,fbifield3j@wufoo.com,Male
129,Agnella,Lange,alange3k@behance.net,Female
130,Christabel,Warfield,cwarfield3l@canalblog.com,Female
131,Jedd,Cornelius,jcornelius3m@hud.gov,Male
132,Ned,Choudhury,nchoudhury3n@topsy.com,Male
133,Obadiah,Umbers,oumbers3o@indiatimes.com,Male
134,Betti,Heinssen,bheinssen3p@freewebs.com,Female
135,Delcine,Cantillion,dcantillion3q@istockphoto.com,Female
136,Thea,Quesne,tquesne3r@foxnews.com,Female
137,Bartolemo,Humbee,bhumbee3s@princeton.edu,Male
138,Agnesse,Mallows,amallows3t@exblog.jp,Female
139,Daryn,Hacquel,dhacquel3u@umich.edu,Female
140,Raquel,Bangley,rbangley3v@ca.gov,Female
141,Cassie,Brooks,cbrooks3w@narod.ru,Female
142,Lolly,Hadny,lhadny3x@senate.gov,Non-binary
143,Charmaine,Norkett,cnorkett3y@state.gov,Female
144,Nevin,Raoul,nraoul3z@google.ru,Male
145,Pennie,Raffles,praffles40@nhs.uk,Male
146,Rik,Tatton,rtatton41@creativecommons.org,Male
147,Barnabas,Lovell,blovell42@storify.com,Male
148,Clarance,Roscher,croscher43@networksolutions.com,Male
149,Olivier,Carnegy,ocarnegy44@ebay.com,Male
150,Gustie,Lebarree,glebarree45@blogtalkradio.com,Female
151,Bernhard,Posselwhite,bposselwhite46@newsvine.com,Male
152,Yolanda,Alexis,yalexis47@last.fm,Female
153,Manda,Clackers,mclackers48@t-online.de,Female
154,Rodolph,Le Count,rlecount49@census.gov,Male
155,Leslie,Lathy,llathy4a@economist.com,Male
156,Leonard,Kondratowicz,lkondratowicz4b@mashable.com,Male
157,Burl,Buddock,bbuddock4c@stanford.edu,Male
158,Chickie,A'field,cafield4d@usnews.com,Female
159,Davey,Leavold,dleavold4e@yandex.ru,Male
160,Rici,Langton,rlangton4f@php.net,Female
161,Madelena,Belcham,mbelcham4g@behance.net,Female
162,Gnni,Nottle,gnottle4h@squarespace.com,Female
163,Wylie,Fawloe,wfawloe4i@usda.gov,Male
164,Ramona,Antonoczyk,rantonoczyk4j@huffingtonpost.com,Female
165,Benedikt,Blueman,bblueman4k@answers.com,Male
166,Datha,de Nore,ddenore4l@ning.com,Female
167,Chrotoem,Peltzer,cpeltzer4m@123-reg.co.uk,Male
168,Belia,Tregear,btregear4n@weibo.com,Female
169,Merola,Chinnery,mchinnery4o@flickr.com,Female
170,Ravid,Pavett,rpavett4p@soundcloud.com,Male
171,Cyndi,Dyne,cdyne4q@amazon.co.uk,Genderfluid
172,Noah,Yo,nyo4r@usda.gov,Male
173,Lanna,Occleshaw,loccleshaw4s@canalblog.com,Female
174,Delores,Rutigliano,drutigliano4t@blogspot.com,Female
175,Laurie,Sibson,lsibson4u@statcounter.com,Male
176,Bogart,Holdren,bholdren4v@google.ru,Male
177,Nikos,Grovier,ngrovier4w@ucsd.edu,Male
178,Euphemia,Frichley,efrichley4x@xrea.com,Female
179,Lion,Biggins,lbiggins4y@about.com,Male
180,Gerianna,Voak,gvoak4z@webeden.co.uk,Female
181,Mickey,McCarter,mmccarter50@sogou.com,Polygender
182,Dal,Sivill,dsivill51@businessinsider.com,Male
183,Garold,Ollerhead,gollerhead52@ustream.tv,Male
184,Angeli,Kingswold,akingswold53@vinaora.com,Male
185,Galen,MacIver,gmaciver54@zimbio.com,Male
186,Meyer,Rubinivitz,mrubinivitz55@cdc.gov,Male
187,Weider,Overthrow,woverthrow56@yellowbook.com,Male
188,Kirbee,Hickenbottom,khickenbottom57@boston.com,Female
189,Timothy,Espadater,tespadater58@weather.com,Male
190,Alikee,De Anesy,adeanesy59@goo.ne.jp,Female
191,Roderich,Crennan,rcrennan5a@goo.gl,Male
192,Hillie,Fiveash,hfiveash5b@latimes.com,Male
193,Teodoor,Dumini,tdumini5c@fastcompany.com,Male
194,Francis,Antley,fantley5d@census.gov,Male
195,Collin,Toxell,ctoxell5e@seesaa.net,Male
196,Taber,Marquez,tmarquez5f@umich.edu,Male
197,Devonne,Perche,dperche5g@goo.ne.jp,Female
198,Elnore,Ballay,eballay5h@sitemeter.com,Female
199,Monro,Donovin,mdonovin5i@scientificamerican.com,Male
200,Yolanda,Windle,ywindle5j@weather.com,Female
201,Leicester,Brunelleschi,lbrunelleschi5k@pbs.org,Male
202,Corry,Simonyi,csimonyi5l@twitter.com,Female
203,Ignacio,Radford,iradford5m@imageshack.us,Male
204,Teirtza,Dalwood,tdalwood5n@xing.com,Female
205,Orion,Dimitrijevic,odimitrijevic5o@twitpic.com,Male
206,Humfrey,Lowde,hlowde5p@blogspot.com,Male
207,Joelly,Saville,jsaville5q@samsung.com,Female
208,Kayley,Chrichton,kchrichton5r@ifeng.com,Female
209,Shoshanna,Mellmoth,smellmoth5s@google.com,Female
210,Krissy,Klampk,kklampk5t@ed.gov,Female
211,Trudi,Elsdon,telsdon5u@skype.com,Female
212,Bobinette,Kuhnel,bkuhnel5v@oaic.gov.au,Female
213,Bennie,Dutson,bdutson5w@fda.gov,Male
214,Elspeth,Munn,emunn5x@shareasale.com,Female
215,Eveline,Digweed,edigweed5y@uiuc.edu,Female
216,Ali,Nann,anann5z@google.co.jp,Male
217,Aeriell,Playford,aplayford60@rakuten.co.jp,Female
218,Ewan,Tuiller,etuiller61@ning.com,Male
219,Tabby,Ourtic,tourtic62@webs.com,Male
220,Chevalier,Tickle,ctickle63@abc.net.au,Male
221,Chancey,Brownfield,cbrownfield64@utexas.edu,Male
222,Eugene,Killcross,ekillcross65@drupal.org,Male
223,Thadeus,Veldens,tveldens66@mlb.com,Male
224,Byram,Quillinane,bquillinane67@cbsnews.com,Genderfluid
225,Dayna,Estabrook,destabrook68@taobao.com,Female
226,Oralia,Nevins,onevins69@cbsnews.com,Female
227,Lorne,Slorance,lslorance6a@photobucket.com,Non-binary
228,Ronnica,Knowlden,rknowlden6b@noaa.gov,Female
229,Hedda,Hanselman,hhanselman6c@ucoz.ru,Female
230,Shellie,Schenfisch,sschenfisch6d@intel.com,Female
231,Kathi,Lilliman,klilliman6e@nsw.gov.au,Female
232,Chickie,Kilban,ckilban6f@ow.ly,Genderqueer
233,Lannie,Pilkington,lpilkington6g@apple.com,Male
234,Neile,Annear,nannear6h@msu.edu,Female
235,Callean,Langmuir,clangmuir6i@bing.com,Male
236,Sella,Izhak,sizhak6j@ameblo.jp,Female
237,Alexandros,Crebott,acrebott6k@bloglovin.com,Male
238,Nollie,Clementi,nclementi6l@godaddy.com,Female
239,Brion,Pardi,bpardi6m@addthis.com,Male
240,Clifford,Wadsworth,cwadsworth6n@mapquest.com,Male
241,Lucio,Pegden,lpegden6o@census.gov,Male
242,Junette,Wewell,jwewell6p@slate.com,Female
243,Anne-marie,Tieraney,atieraney6q@jugem.jp,Female
244,Alameda,Beningfield,abeningfield6r@google.co.uk,Female
245,Richardo,Cadman,rcadman6s@cnet.com,Male
246,Zandra,Alexander,zalexander6t@miibeian.gov.cn,Female
247,Packston,O'Cahill,pocahill6u@oakley.com,Non-binary
248,Camel,Lebbon,clebbon6v@free.fr,Female
249,Margette,Atcock,matcock6w@tinypic.com,Female
250,Ham,Eisold,heisold6x@go.com,Male
251,Nert,Downe,ndowne6y@answers.com,Bigender
252,Hewie,Santino,hsantino6z@blog.com,Male
253,Rayna,Manis,rmanis70@google.nl,Female
254,Lesley,Clandillon,lclandillon71@rakuten.co.jp,Male
255,Kellby,Dewitt,kdewitt72@blogs.com,Male
256,Brannon,Gilcrist,bgilcrist73@livejournal.com,Genderfluid
257,Merrel,McAndrew,mmcandrew74@shop-pro.jp,Male
258,Mariele,Toplis,mtoplis75@ifeng.com,Female
259,Horten,McCrea,hmccrea76@1688.com,Male
260,Lorry,Salmond,lsalmond77@yellowbook.com,Male
261,Lyell,Angear,langear78@princeton.edu,Male
262,Ravid,Skirling,rskirling79@un.org,Male
263,Ralph,Wilkinson,rwilkinson7a@irs.gov,Male
264,Roderic,Maltster,rmaltster7b@biglobe.ne.jp,Agender
265,Lanie,Applegarth,lapplegarth7c@networkadvertising.org,Male
266,Marmaduke,Vann,mvann7d@comcast.net,Male
267,Ralina,Brouncker,rbrouncker7e@europa.eu,Female
268,Bev,Arlett,barlett7f@un.org,Male
269,Mata,Schoolfield,mschoolfield7g@slashdot.org,Male
270,Ernestus,Flahive,eflahive7h@shinystat.com,Male
271,Shea,Jerschke,sjerschke7i@cloudflare.com,Female
272,Adi,Piola,apiola7j@epa.gov,Female
273,Morgan,Spear,mspear7k@baidu.com,Male
274,Quintilla,de Marco,qdemarco7l@rediff.com,Female
275,Christean,Cabble,ccabble7m@webnode.com,Female
276,Tansy,Blain,tblain7n@businessinsider.com,Female
277,Clem,Dobrowlski,cdobrowlski7o@reverbnation.com,Female
278,Rutter,Sargent,rsargent7p@booking.com,Male
279,Filip,Daville,fdaville7q@cafepress.com,Male
280,Fredia,Irnis,firnis7r@yellowpages.com,Female
281,Morten,Lidgard,mlidgard7s@theatlantic.com,Male
282,Morse,Gonzalvo,mgonzalvo7t@wunderground.com,Male
283,Maryrose,Minnock,mminnock7u@elpais.com,Female
284,Andros,Neeson,aneeson7v@goodreads.com,Male
285,Izzy,Dicken,idicken7w@hugedomains.com,Male
286,Paulina,Dadge,pdadge7x@wordpress.com,Female
287,Penni,Leamy,pleamy7y@huffingtonpost.com,Female
288,Ingaberg,Woolis,iwoolis7z@liveinternet.ru,Female
289,Gareth,Stanner,gstanner80@edublogs.org,Male
290,Avery,Deeman,adeeman81@ox.ac.uk,Male
291,Amberly,Fyall,afyall82@google.com.au,Female
292,Oriana,Eginton,oeginton83@oakley.com,Female
293,Glenna,Dwyr,gdwyr84@reuters.com,Female
294,Emery,Kelston,ekelston85@printfriendly.com,Male
295,Aldo,Tome,atome86@ibm.com,Male
296,Janelle,Winterbottom,jwinterbottom87@patch.com,Female
297,Marcia,MacNockater,mmacnockater88@berkeley.edu,Female
298,Kendre,Curtin,kcurtin89@linkedin.com,Female
299,Gustav,Elstub,gelstub8a@goo.gl,Male
300,Tabbatha,Tolson,ttolson8b@barnesandnoble.com,Female
301,Darrell,Bealing,dbealing8c@soundcloud.com,Male
302,Aaren,Vosper,avosper8d@elpais.com,Polygender
303,Andromache,Whyley,awhyley8e@earthlink.net,Non-binary
304,Valida,Fozard,vfozard8f@networkadvertising.org,Female
305,Ranice,Killingsworth,rkillingsworth8g@senate.gov,Female
306,Fern,Sowter,fsowter8h@intel.com,Genderqueer
307,Annice,Bohea,abohea8i@barnesandnoble.com,Female
308,Travus,Pear,tpear8j@ed.gov,Male
309,Jaquenette,Wilmut,jwilmut8k@symantec.com,Female
310,Abner,Sarra,asarra8l@ox.ac.uk,Male
311,Alexio,Shillaber,ashillaber8m@salon.com,Male
312,Keen,Gillian,kgillian8n@facebook.com,Male
313,Kristo,Collomosse,kcollomosse8o@desdev.cn,Male
314,Melba,Quimby,mquimby8p@google.nl,Female
315,Seamus,Reid,sreid8q@ning.com,Male
316,Raffaello,Whales,rwhales8r@google.ru,Male
317,Arne,Sanford,asanford8s@sciencedaily.com,Male
318,Carley,Minichi,cminichi8t@google.it,Female
319,Gris,Skouling,gskouling8u@phoca.cz,Male
320,Kathye,Tithecott,ktithecott8v@mac.com,Female
321,Emeline,Kellington,ekellington8w@issuu.com,Genderqueer
322,Rollins,Crate,rcrate8x@vkontakte.ru,Male
323,Norton,Hedges,nhedges8y@tuttocitta.it,Male
324,Jeth,Mance,jmance8z@phpbb.com,Male
325,Alistair,Tweedy,atweedy90@wikimedia.org,Bigender
326,Pepillo,Havers,phavers91@opera.com,Male
327,Agace,McCulley,amcculley92@cam.ac.uk,Female
328,Jamison,Tredinnick,jtredinnick93@seesaa.net,Male
329,Betteanne,Shoreson,bshoreson94@salon.com,Genderfluid
330,Syd,Yashaev,syashaev95@blogs.com,Male
331,Hercule,Ferens,hferens96@booking.com,Male
332,Jo,Human,jhuman97@sphinn.com,Male
333,Robin,Pinkie,rpinkie98@baidu.com,Male
334,Jonas,Brimilcome,jbrimilcome99@sina.com.cn,Male
335,Frankie,Mitchenson,fmitchenson9a@ask.com,Female
336,Annora,Eastes,aeastes9b@cyberchimps.com,Female
337,Mei,Jurick,mjurick9c@over-blog.com,Female
338,Curcio,Trayton,ctrayton9d@accuweather.com,Male
339,Hadleigh,Maydwell,hmaydwell9e@sbwire.com,Male
340,Chico,Pfeiffer,cpfeiffer9f@cafepress.com,Male
341,Karia,Caukill,kcaukill9g@scribd.com,Female
342,Chad,Sterrick,csterrick9h@youtu.be,Male
343,Bruis,Cavnor,bcavnor9i@foxnews.com,Male
344,Amy,Bisgrove,abisgrove9j@ucsd.edu,Female
345,Kerrin,Plak,kplak9k@netscape.com,Female
346,Seka,Beseke,sbeseke9l@cloudflare.com,Female
347,Holden,Krysztowczyk,hkrysztowczyk9m@stanford.edu,Male
348,Aleece,Molineaux,amolineaux9n@cafepress.com,Female
349,Carlie,O' Donohue,codonohue9o@hud.gov,Male
350,Anna-diana,Lorne,alorne9p@usatoday.com,Female
351,Stephannie,McKeller,smckeller9q@unc.edu,Female
352,Chrissy,Feron,cferon9r@weebly.com,Female
353,Matthus,Melanaphy,mmelanaphy9s@ustream.tv,Male
354,Ladonna,Van der Son,lvanderson9t@zimbio.com,Female
355,Simonne,Oleshunin,soleshunin9u@reference.com,Female
356,Keir,Peerless,kpeerless9v@clickbank.net,Male
357,Lauren,Niese,lniese9w@dailymotion.com,Female
358,Gus,Berka,gberka9x@merriam-webster.com,Female
359,Maryjo,Riping,mriping9y@soundcloud.com,Female
360,Alard,Mariner,amariner9z@engadget.com,Male
361,Pearce,Dendon,pdendona0@tamu.edu,Male
362,Rich,Mulchrone,rmulchronea1@bravesites.com,Genderqueer
363,Franciska,O'Hone,fohonea2@twitpic.com,Genderfluid
364,Brett,Screeton,bscreetona3@gizmodo.com,Female
365,Herb,Domino,hdominoa4@marriott.com,Male
366,Rozanna,Agent,ragenta5@ucoz.com,Female
367,Karlis,Hutcheon,khutcheona6@youtube.com,Male
368,Phineas,Swate,pswatea7@cornell.edu,Male
369,Jorge,Grisard,jgrisarda8@purevolume.com,Male
370,Nowell,Spuner,nspunera9@altervista.org,Genderqueer
371,Olly,Pressland,opresslandaa@bloglines.com,Male
372,Lisetta,Aikenhead,laikenheadab@w3.org,Bigender
373,Lynelle,De Blasi,ldeblasiac@pen.io,Female
374,Darren,Neath,dneathad@opera.com,Male
375,Almira,Colten,acoltenae@tripod.com,Female
376,Britteny,Ilyinski,bilyinskiaf@newyorker.com,Female
377,Zacherie,Mabon,zmabonag@cargocollective.com,Genderfluid
378,Natala,Snelman,nsnelmanah@nhs.uk,Female
379,Arden,Lefwich,alefwichai@ifeng.com,Female
380,Debi,Pes,dpesaj@ibm.com,Female
381,Annmarie,Boken,abokenak@flickr.com,Female
382,Marijn,McGrath,mmcgrathal@macromedia.com,Male
383,Melessa,Pilsworth,mpilswortham@ucsd.edu,Female
384,Joeann,Tiebe,jtiebean@ucoz.ru,Female
385,Hilary,Glentworth,hglentworthao@dailymail.co.uk,Male
386,Fanni,Cossans,fcossansap@rambler.ru,Genderqueer
387,Maxine,Gambrell,mgambrellaq@homestead.com,Non-binary
388,Marita,Munnery,mmunneryar@163.com,Non-binary
389,Martguerita,Crevagh,mcrevaghas@abc.net.au,Female
390,Theobald,Rackam,trackamat@123-reg.co.uk,Male
391,Gilburt,Meffan,gmeffanau@state.tx.us,Male
392,Natala,Girling,ngirlingav@instagram.com,Bigender
393,Rochelle,Beeswing,rbeeswingaw@ted.com,Female
394,Mauricio,Vickers,mvickersax@ovh.net,Polygender
395,Rossie,Rany,rranyay@wordpress.org,Male
396,Ronalda,Haighton,rhaightonaz@bloglovin.com,Female
397,Gallagher,Reidie,greidieb0@vistaprint.com,Male
398,Alejoa,Mabone,amaboneb1@edublogs.org,Male
399,Anna-maria,O'Fallowne,aofallowneb2@ameblo.jp,Female
400,Jeniece,Hellicar,jhellicarb3@nydailynews.com,Female
401,Benedikt,Duker,bdukerb4@earthlink.net,Male
402,Heddi,Klimashevich,hklimashevichb5@exblog.jp,Female
403,Felipe,Oloshin,foloshinb6@google.it,Agender
404,Junia,Philott,jphilottb7@tinyurl.com,Female
405,Grover,Gerty,ggertyb8@psu.edu,Male
406,Dael,Howe,dhoweb9@ucla.edu,Female
407,Emmi,Arnaez,earnaezba@stanford.edu,Female
408,Birch,Ivantyev,bivantyevbb@baidu.com,Male
409,Dalli,Abdee,dabdeebc@google.ca,Male
410,Rachael,Oxbury,roxburybd@loc.gov,Female
411,Arvie,Scemp,ascempbe@wikimedia.org,Agender
412,Itch,Demcik,idemcikbf@oaic.gov.au,Male
413,Janna,Fullwood,jfullwoodbg@phoca.cz,Female
414,Alanah,Damerell,adamerellbh@ucsd.edu,Female
415,Alonso,Wimbridge,awimbridgebi@desdev.cn,Male
416,Conn,Tytterton,ctyttertonbj@drupal.org,Male
417,Ethan,Eastabrook,eeastabrookbk@yellowbook.com,Male
418,Carina,Clardge,cclardgebl@deliciousdays.com,Female
419,Georgia,Gisborne,ggisbornebm@acquirethisname.com,Female
420,Jacenta,Faragher,jfaragherbn@fda.gov,Female
421,Rikki,Manon,rmanonbo@dailymotion.com,Male
422,Elsbeth,Stickland,esticklandbp@friendfeed.com,Non-binary
423,Der,Gelling,dgellingbq@state.gov,Male
424,Rosanna,Sitlinton,rsitlintonbr@webeden.co.uk,Female
425,Leola,Plascott,lplascottbs@utexas.edu,Female
426,Bee,Rosiello,brosiellobt@un.org,Female
427,Marjory,Cranefield,mcranefieldbu@technorati.com,Female
428,Martita,Mesnard,mmesnardbv@gov.uk,Polygender
429,Melisande,Cheese,mcheesebw@sphinn.com,Genderfluid
430,Henrik,Cejka,hcejkabx@icio.us,Male
431,Jessamine,Toby,jtobyby@about.com,Female
432,Debbi,Breslin,dbreslinbz@xing.com,Female
433,Sheree,Mourton,smourtonc0@whitehouse.gov,Female
434,Reiko,Pickavance,rpickavancec1@washington.edu,Female
435,Nicholle,Ewert,newertc2@squidoo.com,Female
436,Fanchette,Mordie,fmordiec3@fema.gov,Female
437,Ethyl,Ferreli,eferrelic4@usnews.com,Female
438,Allsun,O'Hickey,aohickeyc5@businesswire.com,Female
439,Vincenz,Irnys,virnysc6@unicef.org,Male
440,Falkner,Goaks,fgoaksc7@diigo.com,Male
441,Babette,McColl,bmccollc8@w3.org,Female
442,Rudyard,Tremmil,rtremmilc9@php.net,Male
443,Alida,Sterricker,asterrickerca@shareasale.com,Female
444,Georgianna,Coope,gcoopecb@hexun.com,Female
445,Mariellen,Fritschmann,mfritschmanncc@yandex.ru,Female
446,Alena,Lightbown,alightbowncd@cam.ac.uk,Female
447,Garrott,Clewes,gclewesce@rakuten.co.jp,Male
448,Jessalyn,Crosby,jcrosbycf@webeden.co.uk,Female
449,Paolina,Pack,ppackcg@purevolume.com,Female
450,Delila,Baal,dbaalch@livejournal.com,Female
451,Reider,Sandal,rsandalci@gnu.org,Male
452,Ilsa,De Hoogh,idehooghcj@illinois.edu,Female
453,Brannon,Tudor,btudorck@angelfire.com,Male
454,Sheena,MacDermid,smacdermidcl@google.es,Female
455,Arlana,Bloor,abloorcm@nih.gov,Female
456,Barnaby,Schrieves,bschrievescn@scribd.com,Male
457,Neils,Gilbart,ngilbartco@sogou.com,Male
458,Adelbert,Deverock,adeverockcp@shutterfly.com,Male
459,Bev,Scanlin,bscanlincq@statcounter.com,Polygender
460,Rosalinda,Rallings,rrallingscr@4shared.com,Female
461,Sig,McSwan,smcswancs@springer.com,Male
462,Lorianna,Kinkade,lkinkadect@cocolog-nifty.com,Agender
463,Lilli,McPolin,lmcpolincu@slideshare.net,Female
464,Rae,Ridsdell,rridsdellcv@prnewswire.com,Non-binary
465,Caesar,Godson,cgodsoncw@google.com.hk,Male
466,Blaine,Farlham,bfarlhamcx@addtoany.com,Male
467,Susana,Cunnane,scunnanecy@reference.com,Female
468,Sandie,Muscroft,smuscroftcz@hao123.com,Female
469,Jeramie,Langer,jlangerd0@cbslocal.com,Male
470,Brenn,Nickell,bnickelld1@indiegogo.com,Female
471,Patti,Jellett,pjellettd2@theguardian.com,Female
472,Elyse,Westwood,ewestwoodd3@smh.com.au,Female
473,Ashley,Konke,akonked4@globo.com,Female
474,Ardelia,Puddephatt,apuddephattd5@loc.gov,Female
475,Idell,Youdell,iyoudelld6@godaddy.com,Female
476,Dav,Tomeo,dtomeod7@buzzfeed.com,Male
477,Carver,Klich,cklichd8@purevolume.com,Male
478,Bliss,Benham,bbenhamd9@jugem.jp,Female
479,Leoline,Card,lcardda@ibm.com,Female
480,Amalle,Form,aformdb@newyorker.com,Female
481,Harold,Meach,hmeachdc@4shared.com,Male
482,Towny,Ranald,tranalddd@ft.com,Male
483,Madelle,Masarrat,mmasarratde@cam.ac.uk,Female
484,Codi,Gatland,cgatlanddf@alexa.com,Female
485,Cull,Amy,camydg@livejournal.com,Male
486,Ewan,Pitcher,epitcherdh@networksolutions.com,Male
487,Gib,Raatz,graatzdi@rambler.ru,Male
488,Zilvia,Digg,zdiggdj@godaddy.com,Female
489,Miran,Lindenbluth,mlindenbluthdk@cbc.ca,Female
490,Vivia,Bampforth,vbampforthdl@state.tx.us,Female
491,Nobie,Loveman,nlovemandm@t.co,Bigender
492,Arin,Hare,aharedn@sfgate.com,Male
493,Elvina,Baddoe,ebaddoedo@ezinearticles.com,Female
494,Carlita,Meiklejohn,cmeiklejohndp@engadget.com,Female
495,Crissie,Audrey,caudreydq@diigo.com,Female
496,Noble,Allner,nallnerdr@sogou.com,Male
497,Gayla,Eunson,geunsonds@vimeo.com,Agender
498,Marietta,Frayling,mfraylingdt@timesonline.co.uk,Female
499,Adriano,Fist,afistdu@sciencedaily.com,Male
500,Blithe,Braundt,bbraundtdv@lycos.com,Female
501,Maxy,Tadgell,mtadgelldw@seattletimes.com,Agender
502,Corny,Abrahamson,cabrahamsondx@umich.edu,Male
503,Issiah,Fabbri,ifabbridy@blog.com,Bigender
504,Briney,Rolse,brolsedz@bbb.org,Female
505,Ivie,Osbaldeston,iosbaldestone0@sina.com.cn,Female
506,Lorant,Cloutt,lcloutte1@ycombinator.com,Male
507,Vinni,Kubacek,vkubaceke2@arstechnica.com,Female
508,Hillary,Longcaster,hlongcastere3@google.ca,Female
509,Homer,Epps,heppse4@yelp.com,Male
510,Andre,Moggie,amoggiee5@nationalgeographic.com,Male
511,Jamima,Dikels,jdikelse6@wiley.com,Female
512,Marlee,Yves,myvese7@ow.ly,Female
513,Joan,Papps,jpappse8@cargocollective.com,Female
514,Alejoa,Rilings,arilingse9@ftc.gov,Male
515,Eba,Ogger,eoggerea@cargocollective.com,Female
516,Pietrek,Oliphant,poliphanteb@slate.com,Male
517,Ellwood,Massinger,emassingerec@hibu.com,Male
518,Evelyn,Weekes,eweekesed@cdbaby.com,Male
519,Tiffy,Celli,tcelliee@ed.gov,Female
520,Maurice,Dawtry,mdawtryef@exblog.jp,Male
521,Lizabeth,Clouter,lcloutereg@miitbeian.gov.cn,Polygender
522,Corene,Bertomieu,cbertomieueh@google.cn,Female
523,Dodie,Hernik,dhernikei@netscape.com,Female
524,Dianemarie,Dadley,ddadleyej@hp.com,Female
525,Fredrika,Abbet,fabbetek@bloglines.com,Female
526,Emerson,Barkly,ebarklyel@last.fm,Male
527,Jackquelin,Antecki,janteckiem@jugem.jp,Female
528,Cortney,Ryott,cryotten@irs.gov,Female
529,Yettie,Nucci,ynuccieo@blogger.com,Female
530,Nicolette,Bratton,nbrattonep@aboutads.info,Female
531,Scottie,Mangeon,smangeoneq@pinterest.com,Male
532,Eirena,Crannis,ecranniser@addthis.com,Genderqueer
533,Langsdon,Walewicz,lwalewiczes@adobe.com,Male
534,Rafaellle,Faveryear,rfaveryearet@parallels.com,Male
535,Ansley,Ference,aferenceeu@marketwatch.com,Female
536,Elnar,Slocombe,eslocombeev@free.fr,Genderfluid
537,Lettie,Rosa,lrosaew@amazon.co.uk,Female
538,Sully,Brand,sbrandex@xing.com,Male
539,Mayer,Weathey,mweatheyey@hhs.gov,Agender
540,Gretna,Doe,gdoeez@biglobe.ne.jp,Female
541,Jervis,Colgrave,jcolgravef0@paypal.com,Male
542,Karlen,Chalcraft,kchalcraftf1@netvibes.com,Bigender
543,Quent,Tregear,qtregearf2@yale.edu,Male
544,Jaquelyn,Pirkis,jpirkisf3@wsj.com,Female
545,Boone,Grummitt,bgrummittf4@reference.com,Male
546,Bobby,Kegley,bkegleyf5@squarespace.com,Male
547,Davis,Bateman,dbatemanf6@xrea.com,Male
548,Raddy,Beardsley,rbeardsleyf7@dmoz.org,Male
549,Mariana,O'Lochan,molochanf8@tinyurl.com,Female
550,Griffith,Brasher,gbrasherf9@icio.us,Male
551,Jeddy,Voelker,jvoelkerfa@marriott.com,Male
552,Augustine,Noto,anotofb@tinyurl.com,Female
553,Jamey,Hollebon,jhollebonfc@nih.gov,Male
554,Leyla,Hearty,lheartyfd@state.tx.us,Female
555,Emmalee,Hargess,ehargessfe@lulu.com,Female
556,Roddy,Osler,roslerff@technorati.com,Male
557,Vi,Fleg,vflegfg@ftc.gov,Female
558,Ibbie,Vaisey,ivaiseyfh@bandcamp.com,Female
559,Vail,Kornes,vkornesfi@wikia.com,Male
560,Harman,Loudwell,hloudwellfj@biglobe.ne.jp,Male
561,Torre,Robertucci,trobertuccifk@economist.com,Male
562,Eda,Jolly,ejollyfl@ebay.com,Female
563,Roscoe,Lilburne,rlilburnefm@tiny.cc,Bigender
564,Lucita,Pilmer,lpilmerfn@rambler.ru,Bigender
565,Aubrey,Seakes,aseakesfo@nyu.edu,Polygender
566,Laurence,Brace,lbracefp@rediff.com,Male
567,Sibilla,McGrory,smcgroryfq@psu.edu,Female
568,Broddy,Betchley,bbetchleyfr@phpbb.com,Male
569,Nettle,Knowlman,nknowlmanfs@dedecms.com,Female
570,Andie,Huband,ahubandft@time.com,Agender
571,Nani,Yukhov,nyukhovfu@go.com,Non-binary
572,Noble,Keech,nkeechfv@liveinternet.ru,Male
573,Erminia,Rookes,erookesfw@zdnet.com,Female
574,Free,Kubiczek,fkubiczekfx@sourceforge.net,Male
575,Jory,Garratty,jgarrattyfy@cornell.edu,Male
576,Kathe,Wike,kwikefz@webs.com,Female
577,Rolph,Creed,rcreedg0@mozilla.com,Genderfluid
578,Mallorie,Phalp,mphalpg1@hc360.com,Female
579,Vivyan,Gateman,vgatemang2@businessinsider.com,Female
580,Bethanne,Barrington,bbarringtong3@yandex.ru,Female
581,Gayelord,Bottlestone,gbottlestoneg4@zdnet.com,Male
582,Sandie,Braithwaite,sbraithwaiteg5@scientificamerican.com,Female
583,Zeb,Cahillane,zcahillaneg6@altervista.org,Male
584,Yurik,Breakspear,ybreakspearg7@ted.com,Male
585,Tobiah,Easeman,teasemang8@shop-pro.jp,Male
586,Kelbee,Redemile,kredemileg9@illinois.edu,Male
587,Rodolfo,Stiller,rstillerga@linkedin.com,Male
588,Rex,Axcel,raxcelgb@ameblo.jp,Polygender
589,Merrie,Lisciandro,mlisciandrogc@apache.org,Female
590,Kip,Byre,kbyregd@joomla.org,Female
591,Berk,Buntin,bbuntinge@arizona.edu,Male
592,Vinnie,Youles,vyoulesgf@webmd.com,Female
593,Stefano,Geratasch,sgerataschgg@miitbeian.gov.cn,Male
594,Letizia,Casaro,lcasarogh@oakley.com,Female
595,Leanna,Hanrott,lhanrottgi@feedburner.com,Female
596,Ailsun,Maynard,amaynardgj@eventbrite.com,Female
597,Estella,Boriston,eboristongk@usda.gov,Female
598,Tabb,Crankhorn,tcrankhorngl@utexas.edu,Male
599,Addison,Caff,acaffgm@51.la,Male
600,Heindrick,Gorry,hgorrygn@forbes.com,Male
601,Alf,Earles,aearlesgo@cloudflare.com,Male
602,Rebekkah,Stebles,rsteblesgp@who.int,Female
603,Malinda,Perring,mperringgq@ask.com,Female
604,Keary,Legerwood,klegerwoodgr@arizona.edu,Male
605,Jolene,Macallam,jmacallamgs@paginegialle.it,Female
606,Benjie,Hazart,bhazartgt@github.com,Male
607,Chicky,Kilbride,ckilbridegu@macromedia.com,Male
608,Elston,Wilbor,ewilborgv@bloomberg.com,Male
609,Balduin,Taplin,btaplingw@github.com,Male
610,Mathilde,Manz,mmanzgx@theatlantic.com,Female
611,Orton,Test,otestgy@yahoo.com,Male
612,Ariela,Semiraz,asemirazgz@chicagotribune.com,Female
613,Dirk,Castard,dcastardh0@elpais.com,Male
614,Sebastiano,Penson,spensonh1@whitehouse.gov,Male
615,Remington,Sultan,rsultanh2@fotki.com,Male
616,Elbertine,Dron,edronh3@tinyurl.com,Female
617,Darb,Cullivan,dcullivanh4@nhs.uk,Male
618,Deana,Akers,dakersh5@narod.ru,Female
619,Abbott,Gersam,agersamh6@csmonitor.com,Male
620,Audi,Dunlea,adunleah7@cisco.com,Agender
621,Bernita,Gasparro,bgasparroh8@spotify.com,Female
622,Kelbee,Guilleton,kguilletonh9@imgur.com,Male
623,Umberto,Pelz,upelzha@guardian.co.uk,Male
624,Lindi,Pardey,lpardeyhb@chicagotribune.com,Female
625,Ricky,Blesdill,rblesdillhc@ovh.net,Female
626,Ilario,Rodd,iroddhd@google.es,Male
627,Bernadette,Forrington,bforringtonhe@weather.com,Female
628,Emery,Greenset,egreensethf@oaic.gov.au,Male
629,Vitoria,Sallings,vsallingshg@soup.io,Polygender
630,Standford,Woodthorpe,swoodthorpehh@godaddy.com,Male
631,Ronny,Parchment,rparchmenthi@sina.com.cn,Genderqueer
632,Ernestus,Jeannequin,ejeannequinhj@goo.ne.jp,Male
633,Erin,Witter,ewitterhk@forbes.com,Genderfluid
634,Ceil,Yakushkin,cyakushkinhl@cmu.edu,Female
635,Jody,Sorey,jsoreyhm@deliciousdays.com,Polygender
636,Tiffanie,Jennaroy,tjennaroyhn@360.cn,Female
637,Ferrel,Giacobini,fgiacobiniho@bizjournals.com,Male
638,Vanya,Longworth,vlongworthhp@google.co.jp,Male
639,Arlan,Ewebank,aewebankhq@samsung.com,Male
640,Nate,Tassel,ntasselhr@discuz.net,Male
641,Nickola,Pepperrall,npepperrallhs@dell.com,Male
642,Rog,Mighele,rmigheleht@ow.ly,Male
643,Bria,Stack,bstackhu@state.tx.us,Female
644,Keri,Arni,karnihv@theguardian.com,Female
645,Dougie,Sephton,dsephtonhw@sourceforge.net,Male
646,Donelle,Pantry,dpantryhx@cnbc.com,Female
647,Levin,Monketon,lmonketonhy@java.com,Male
648,Emelyne,Strutz,estrutzhz@sfgate.com,Genderfluid
649,Hoyt,Brigge,hbriggei0@columbia.edu,Male
650,Dee,Statter,dstatteri1@xrea.com,Female
651,Cleavland,Soda,csodai2@miitbeian.gov.cn,Non-binary
652,Chuck,Hamfleet,chamfleeti3@jigsy.com,Male
653,Eldridge,Munden,emundeni4@w3.org,Male
654,Maribelle,Roebottom,mroebottomi5@mac.com,Female
655,Lyn,Kyffin,lkyffini6@statcounter.com,Female
656,Roshelle,Gearty,rgeartyi7@meetup.com,Female
657,Janis,Poytress,jpoytressi8@skyrock.com,Female
658,Bob,Teas,bteasi9@yolasite.com,Male
659,Hester,Kmieciak,hkmieciakia@cbsnews.com,Female
660,Bertine,Wetton,bwettonib@va.gov,Female
661,Benyamin,Farden,bfardenic@google.nl,Male
662,Erika,Matyatin,ematyatinid@godaddy.com,Female
663,Hattie,Pagitt,hpagittie@patch.com,Female
664,Jedidiah,Wellbeloved,jwellbelovedif@ow.ly,Male
665,Daniele,Macak,dmacakig@alexa.com,Female
666,Bunnie,Fairbank,bfairbankih@ocn.ne.jp,Female
667,Calley,Turbill,cturbillii@mayoclinic.com,Female
668,Rene,Britney,rbritneyij@slideshare.net,Male
669,Tobiah,Feltoe,tfeltoeik@pen.io,Male
670,Imelda,Keinrat,ikeinratil@comcast.net,Female
671,Fulvia,Kennally,fkennallyim@miibeian.gov.cn,Female
672,Hartwell,Bucham,hbuchamin@sourceforge.net,Male
673,Halsy,MacCarroll,hmaccarrollio@japanpost.jp,Male
674,Elaine,Vampouille,evampouilleip@wikimedia.org,Female
675,Vladamir,Ashton,vashtoniq@npr.org,Male
676,Vittorio,Fettes,vfettesir@blogtalkradio.com,Male
677,Bobbie,Konzelmann,bkonzelmannis@stumbleupon.com,Male
678,Free,Gilpin,fgilpinit@fda.gov,Male
679,Meryl,Pickaver,mpickaveriu@google.com,Female
680,Dody,McLanachan,dmclanachaniv@auda.org.au,Female
681,Mela,Jeroch,mjerochiw@yahoo.com,Female
682,Cross,Ballendine,cballendineix@dyndns.org,Male
683,Minette,Tiron,mtironiy@tinyurl.com,Female
684,Sollie,Burnside,sburnsideiz@phpbb.com,Male
685,Shanie,Di Gregorio,sdigregorioj0@mediafire.com,Female
686,Dionisio,O'Shevlan,doshevlanj1@oakley.com,Male
687,Aleen,Yegorchenkov,ayegorchenkovj2@rediff.com,Female
688,Brigit,Rivitt,brivittj3@sourceforge.net,Female
689,Kayne,Wallworth,kwallworthj4@sohu.com,Male
690,Winona,Casassa,wcasassaj5@hud.gov,Female
691,Emilee,Darlow,edarlowj6@slate.com,Non-binary
692,Ginger,McKerrow,gmckerrowj7@cnn.com,Genderfluid
693,Yoko,Stenyng,ystenyngj8@bandcamp.com,Female
694,Miquela,Franceschielli,mfranceschiellij9@dailymotion.com,Female
695,Khalil,Kollasch,kkollaschja@behance.net,Male
696,Dunstan,Bidnall,dbidnalljb@prweb.com,Male
697,Alister,Begley,abegleyjc@elpais.com,Male
698,Fleur,Jarmaine,fjarmainejd@ezinearticles.com,Female
699,Trina,Ortell,tortellje@pagesperso-orange.fr,Female
700,Horatio,Pointing,hpointingjf@liveinternet.ru,Male
701,Avigdor,Carlos,acarlosjg@netscape.com,Male
702,Ida,Beldham,ibeldhamjh@jalbum.net,Female
703,Jerri,Jammes,jjammesji@umn.edu,Male
704,Saunderson,Drowsfield,sdrowsfieldjj@state.gov,Agender
705,Reyna,Belli,rbellijk@dedecms.com,Female
706,Niven,D'Elia,ndeliajl@free.fr,Male
707,Giffer,Antonomoli,gantonomolijm@bandcamp.com,Male
708,Hailey,McKevany,hmckevanyjn@ftc.gov,Male
709,Anatole,Docherty,adochertyjo@uol.com.br,Male
710,Christin,Mourton,cmourtonjp@wikimedia.org,Female
711,Elihu,Pearde,epeardejq@moonfruit.com,Male
712,Tamiko,Long,tlongjr@cocolog-nifty.com,Female
713,Betta,Broader,bbroaderjs@aol.com,Female
714,Booth,Felmingham,bfelminghamjt@instagram.com,Male
715,Sigmund,Kindley,skindleyju@devhub.com,Male
716,Ingra,Curado,icuradojv@zdnet.com,Male
717,Renate,Grishagin,rgrishaginjw@wunderground.com,Female
718,Manon,McCane,mmccanejx@newsvine.com,Genderfluid
719,Riobard,Nelthropp,rnelthroppjy@cafepress.com,Male
720,Irwin,Zanetto,izanettojz@discuz.net,Male
721,Esther,Grayland,egraylandk0@cbc.ca,Female
722,Egor,Swigg,eswiggk1@over-blog.com,Male
723,Roderigo,Selborne,rselbornek2@foxnews.com,Male
724,Sophey,Cohn,scohnk3@theatlantic.com,Female
725,Salomo,Fey,sfeyk4@wufoo.com,Male
726,Ludwig,Wyeld,lwyeldk5@cnn.com,Male
727,Esme,Mitford,emitfordk6@geocities.jp,Male
728,Haleigh,Bumphrey,hbumphreyk7@bing.com,Male
729,Lisa,Kittoe,lkittoek8@dedecms.com,Female
730,Sofia,Stotherfield,sstotherfieldk9@deviantart.com,Female
731,Horatius,Ofen,hofenka@mayoclinic.com,Male
732,Sax,Pendrid,spendridkb@elegantthemes.com,Male
733,Adela,Maxworthy,amaxworthykc@cpanel.net,Female
734,Tito,Skains,tskainskd@businessinsider.com,Male
735,Nelie,Bee,nbeeke@xrea.com,Female
736,Rois,Bergeau,rbergeaukf@whitehouse.gov,Female
737,Karney,Giggs,kgiggskg@about.me,Male
738,Abagail,Partner,apartnerkh@bbb.org,Female
739,Mile,Boyd,mboydki@about.me,Male
740,Sandi,Blackhurst,sblackhurstkj@1688.com,Female
741,Thea,Blacktin,tblacktinkk@dagondesign.com,Female
742,Bellanca,Tollit,btollitkl@nhs.uk,Female
743,Herta,Dolman,hdolmankm@amazon.co.jp,Female
744,Shelly,MacAindreis,smacaindreiskn@twitter.com,Female
745,Moise,Biset,mbisetko@tripadvisor.com,Male
746,Anica,Draude,adraudekp@disqus.com,Female
747,Joete,Manolov,jmanolovkq@hexun.com,Female
748,Naoma,Halgarth,nhalgarthkr@imageshack.us,Female
749,Alistair,Hardie,ahardieks@purevolume.com,Genderqueer
750,Delcine,Leyzell,dleyzellkt@xrea.com,Female
751,Kristen,Enterlein,kenterleinku@bizjournals.com,Female
752,Pip,Soppett,psoppettkv@liveinternet.ru,Male
753,Otto,Weekes,oweekeskw@google.es,Male
754,Nicoline,Petrelli,npetrellikx@nyu.edu,Non-binary
755,Dynah,Ruffy,druffyky@dailymotion.com,Bigender
756,Gerty,Pranger,gprangerkz@networksolutions.com,Non-binary
757,Kellen,Powland,kpowlandl0@ning.com,Male
758,Aksel,Bartali,abartalil1@pagesperso-orange.fr,Male
759,Carina,Hartland,chartlandl2@cocolog-nifty.com,Female
760,Collie,Keepence,ckeepencel3@economist.com,Bigender
761,Gisele,Tabour,gtabourl4@jigsy.com,Female
762,Fabiano,Scarasbrick,fscarasbrickl5@friendfeed.com,Male
763,Jonathan,Faulkes,jfaulkesl6@unicef.org,Male
764,Colby,Norledge,cnorledgel7@google.ru,Male
765,Malinda,Munn,mmunnl8@npr.org,Female
766,Wallace,Berzen,wberzenl9@vistaprint.com,Male
767,Iris,Hehl,ihehlla@irs.gov,Female
768,Terence,O'Codihie,tocodihielb@ed.gov,Male
769,Lorenza,Gawthrop,lgawthroplc@un.org,Female
770,Currie,Henner,chennerld@cocolog-nifty.com,Male
771,Elke,Christou,echristoule@slashdot.org,Female
772,Romona,Botger,rbotgerlf@nyu.edu,Female
773,Thorin,Dysert,tdysertlg@pen.io,Male
774,Christine,Hardesty,chardestylh@pcworld.com,Female
775,Desiree,Dourin,ddourinli@ihg.com,Female
776,Brock,Norquay,bnorquaylj@scientificamerican.com,Male
777,Celka,Brooksbank,cbrooksbanklk@friendfeed.com,Non-binary
778,Courtney,Dellenbach,cdellenbachll@youtube.com,Female
779,Orv,Prawle,oprawlelm@123-reg.co.uk,Male
780,Zelda,Stollman,zstollmanln@theatlantic.com,Bigender
781,Duffy,Pandya,dpandyalo@google.it,Male
782,Evelin,Teideman,eteidemanlp@howstuffworks.com,Male
783,Fred,Oxenbury,foxenburylq@merriam-webster.com,Male
784,Joellyn,Wanjek,jwanjeklr@cloudflare.com,Female
785,Kale,Tocher,ktocherls@artisteer.com,Male
786,Pattie,Almond,palmondlt@ucoz.ru,Female
787,Celestine,Bayless,cbaylesslu@salon.com,Female
788,Conrado,Thurnham,cthurnhamlv@google.co.uk,Genderqueer
789,Demetris,Cranmore,dcranmorelw@cam.ac.uk,Female
790,Mei,Shoute,mshoutelx@cdc.gov,Genderfluid
791,Wat,Krale,wkralely@blogspot.com,Male
792,Thomas,McKeon,tmckeonlz@google.nl,Male
793,Rock,Furphy,rfurphym0@eventbrite.com,Male
794,Ellie,Cornthwaite,ecornthwaitem1@ow.ly,Female
795,Hartwell,Molloy,hmolloym2@infoseek.co.jp,Male
796,Reynolds,Sorrell,rsorrellm3@wp.com,Male
797,Johnath,Peasgood,jpeasgoodm4@latimes.com,Female
798,Athena,Corradetti,acorradettim5@nationalgeographic.com,Female
799,Kacie,Smith,ksmithm6@163.com,Female
800,Hanna,Gibbetts,hgibbettsm7@seesaa.net,Female
801,Corty,Gencke,cgenckem8@so-net.ne.jp,Male
802,Allard,Dandison,adandisonm9@blinklist.com,Male
803,Adan,Grumell,agrumellma@hugedomains.com,Female
804,Deeann,Powdrell,dpowdrellmb@webs.com,Female
805,Johannes,Spavon,jspavonmc@washington.edu,Male
806,Ashlie,Winpenny,awinpennymd@facebook.com,Female
807,Garik,De la Yglesia,gdelayglesiame@smugmug.com,Male
808,Drona,Whitney,dwhitneymf@stanford.edu,Female
809,Pyotr,Towers,ptowersmg@163.com,Male
810,Harv,Spraging,hspragingmh@squidoo.com,Male
811,Karilynn,Klezmski,kklezmskimi@moonfruit.com,Female
812,Ynes,Blazi,yblazimj@sciencedaily.com,Female
813,Clea,Perree,cperreemk@wikipedia.org,Female
814,Ellette,Bretland,ebretlandml@fda.gov,Female
815,Gay,Ancell,gancellmm@squarespace.com,Female
816,Zabrina,Hannigan,zhanniganmn@aboutads.info,Female
817,Gates,Pardoe,gpardoemo@imdb.com,Female
818,Lindsay,Denecamp,ldenecampmp@delicious.com,Male
819,Gary,O' Driscoll,godriscollmq@twitter.com,Male
820,Esdras,Connop,econnopmr@mtv.com,Genderfluid
821,Kanya,Hele,khelems@yahoo.com,Female
822,Yance,Lutsch,ylutschmt@linkedin.com,Non-binary
823,Shell,Elie,seliemu@csmonitor.com,Male
824,Odele,Brittin,obrittinmv@cnbc.com,Female
825,Trisha,Dudlestone,tdudlestonemw@zdnet.com,Female
826,Gusta,Gorwood,ggorwoodmx@miibeian.gov.cn,Female
827,Farley,Orred,forredmy@topsy.com,Non-binary
828,Sula,Dollimore,sdollimoremz@abc.net.au,Female
829,Leonie,Bourner,lbournern0@about.me,Female
830,Ferris,Manketell,fmanketelln1@macromedia.com,Male
831,Elladine,Dionisii,edionisiin2@php.net,Female
832,Krisha,Raggett,kraggettn3@google.fr,Male
833,Dasha,Goreisr,dgoreisrn4@newsvine.com,Female
834,Gerhard,Sigart,gsigartn5@illinois.edu,Male
835,Gabbey,Rydzynski,grydzynskin6@sitemeter.com,Female
836,Terese,Prangnell,tprangnelln7@nature.com,Female
837,Lynsey,Coldwell,lcoldwelln8@shop-pro.jp,Female
838,Arv,Pilfold,apilfoldn9@freewebs.com,Male
839,Adrian,Jorck,ajorckna@miibeian.gov.cn,Female
840,Melly,Adlem,madlemnb@springer.com,Female
841,Murielle,Constanza,mconstanzanc@cnet.com,Female
842,Leora,Nelissen,lnelissennd@latimes.com,Female
843,Christoph,Spens,cspensne@desdev.cn,Male
844,Giovanni,Elphinston,gelphinstonnf@hc360.com,Male
845,Akim,Bendixen,abendixenng@nps.gov,Male
846,Brook,Congdon,bcongdonnh@unblog.fr,Non-binary
847,Gibby,Prickett,gprickettni@webmd.com,Male
848,Sherill,Lindgren,slindgrennj@craigslist.org,Female
849,Dyann,Drewet,ddrewetnk@elegantthemes.com,Female
850,Claudie,Hatherley,chatherleynl@wix.com,Female
851,Karolina,Ugoletti,kugolettinm@jiathis.com,Female
852,Vale,Hulburd,vhulburdnn@techcrunch.com,Female
853,Shirleen,Norrie,snorrieno@tripod.com,Female
854,Andre,Oxshott,aoxshottnp@seesaa.net,Male
855,Hollis,Mellish,hmellishnq@google.es,Male
856,Ike,Ronaghan,ironaghannr@businessweek.com,Male
857,Pru,Aulton,paultonns@godaddy.com,Female
858,Hermia,O'Fairy,hofairynt@uol.com.br,Female
859,Worthington,Molesworth,wmolesworthnu@yale.edu,Male
860,Emlynne,Kubacki,ekubackinv@businessweek.com,Female
861,Lilah,Whiteson,lwhitesonnw@google.fr,Female
862,Corry,Shand,cshandnx@miitbeian.gov.cn,Female
863,Lemar,Aylett,laylettny@linkedin.com,Male
864,Shari,Sigfrid,ssigfridnz@google.co.jp,Bigender
865,Belva,Dennert,bdennerto0@cargocollective.com,Female
866,Rice,Joss,rjosso1@eventbrite.com,Male
867,Norman,Ashingden,nashingdeno2@ehow.com,Male
868,Dickie,Raikes,draikeso3@clickbank.net,Male
869,Vita,Sedge,vsedgeo4@ebay.com,Female
870,Ricca,Mabon,rmabono5@ocn.ne.jp,Female
871,Alla,Rumbelow,arumbelowo6@nbcnews.com,Genderfluid
872,Antonina,Dainton,adaintono7@liveinternet.ru,Female
873,Samuel,Chart,scharto8@webs.com,Male
874,Elizabet,Provost,eprovosto9@amazon.co.jp,Female
875,Bertram,Klimentyonok,bklimentyonokoa@linkedin.com,Male
876,Kori,Suggitt,ksuggittob@dedecms.com,Female
877,Tiffy,Gretton,tgrettonoc@smh.com.au,Agender
878,Ruthi,Beacon,rbeaconod@ft.com,Genderqueer
879,Chickie,Sheber,csheberoe@nih.gov,Female
880,Bendick,Turfs,bturfsof@usda.gov,Male
881,Christoph,Patrono,cpatronoog@howstuffworks.com,Male
882,Pietra,Lethbury,plethburyoh@fda.gov,Female
883,Sybyl,Dullingham,sdullinghamoi@networkadvertising.org,Female
884,Avis,Cobleigh,acobleighoj@free.fr,Female
885,Carl,Cocker,ccockerok@people.com.cn,Male
886,Juanita,Suffield,jsuffieldol@liveinternet.ru,Female
887,Wildon,De Simone,wdesimoneom@ted.com,Male
888,Baillie,Martinot,bmartinoton@reference.com,Male
889,Romola,Ferrer,rferreroo@symantec.com,Female
890,Giffer,Stitt,gstittop@reverbnation.com,Male
891,Ode,Haldin,ohaldinoq@vistaprint.com,Bigender
892,Elden,Rawlingson,erawlingsonor@dropbox.com,Male
893,Vilhelmina,Caush,vcaushos@nytimes.com,Female
894,Amata,Beauchop,abeauchopot@go.com,Female
895,Jacquenette,Duckels,jduckelsou@qq.com,Genderqueer
896,Brod,Caudwell,bcaudwellov@creativecommons.org,Male
897,Birk,Ballham,bballhamow@walmart.com,Male
898,Zolly,O'Daly,zodalyox@quantcast.com,Male
899,Yvor,Daverin,ydaverinoy@netvibes.com,Male
900,Cathlene,Bowbrick,cbowbrickoz@time.com,Female
901,Bidget,Sedgebeer,bsedgebeerp0@squarespace.com,Female
902,Tootsie,Patron,tpatronp1@discovery.com,Female
903,Marshal,Syrett,msyrettp2@zdnet.com,Male
904,Onofredo,Garron,ogarronp3@opensource.org,Male
905,Valentijn,Blagbrough,vblagbroughp4@nih.gov,Male
906,Trisha,Bentham,tbenthamp5@goodreads.com,Female
907,Bond,Ixor,bixorp6@ed.gov,Bigender
908,Luis,Wheeliker,lwheelikerp7@uiuc.edu,Male
909,Aili,Lorenzetto,alorenzettop8@nifty.com,Female
910,Denis,Linggard,dlinggardp9@cbc.ca,Non-binary
911,Ardine,Randales,arandalespa@domainmarket.com,Female
912,Cher,Gascar,cgascarpb@cisco.com,Polygender
913,Reggis,Faircliffe,rfaircliffepc@github.io,Bigender
914,Guy,Dunsford,gdunsfordpd@hostgator.com,Male
915,Lenna,Sowerbutts,lsowerbuttspe@furl.net,Female
916,Rosalyn,Bracci,rbraccipf@dedecms.com,Female
917,Valera,Brittles,vbrittlespg@xinhuanet.com,Female
918,Lynnet,Giovanizio,lgiovanizioph@i2i.jp,Female
919,Thatcher,Lording,tlordingpi@sogou.com,Male
920,Garv,Caldwell,gcaldwellpj@youtube.com,Male
921,Nertie,Skamell,nskamellpk@lycos.com,Female
922,Percy,Tixier,ptixierpl@live.com,Male
923,Lukas,Pentin,lpentinpm@reference.com,Male
924,Aila,Parzizek,aparzizekpn@cnn.com,Female
925,Wynne,Helleker,whellekerpo@ft.com,Female
926,Nil,Cowling,ncowlingpp@skype.com,Male
927,Olivette,Crocken,ocrockenpq@vinaora.com,Female
928,Brandice,Swadlinge,bswadlingepr@utexas.edu,Female
929,Doe,Pattingson,dpattingsonps@t.co,Female
930,Helli,Ainsley,hainsleypt@360.cn,Female
931,Marcelline,Beevis,mbeevispu@blogs.com,Female
932,Eddy,Highwood,ehighwoodpv@xrea.com,Female
933,Krishna,Padkin,kpadkinpw@walmart.com,Male
934,Marcos,Blyth,mblythpx@w3.org,Male
935,Ralph,Crathern,rcrathernpy@techcrunch.com,Male
936,Caren,Jaggli,cjagglipz@printfriendly.com,Female
937,Deidre,Trent,dtrentq0@t.co,Female
938,Andra,Wolpert,awolpertq1@google.ca,Female
939,Lewie,Goacher,lgoacherq2@cocolog-nifty.com,Male
940,Marya,Davley,mdavleyq3@sun.com,Female
941,Bianca,Byfford,bbyffordq4@mlb.com,Female
942,Culley,Davidovici,cdavidoviciq5@vistaprint.com,Male
943,Alysa,Brydson,abrydsonq6@lycos.com,Female
944,Chane,Pretley,cpretleyq7@cnet.com,Male
945,Sherlock,Jansens,sjansensq8@ow.ly,Male
946,Blythe,Castiblanco,bcastiblancoq9@msu.edu,Female
947,Livia,Colleford,lcollefordqa@yellowpages.com,Female
948,Selinda,Willshaw,swillshawqb@house.gov,Female
949,Parke,Normanvill,pnormanvillqc@marketwatch.com,Male
950,Annabelle,Merrilees,amerrileesqd@artisteer.com,Female
951,Josie,Darbyshire,jdarbyshireqe@imgur.com,Female
952,Toddie,Curphey,tcurpheyqf@themeforest.net,Male
953,Laughton,Wilce,lwilceqg@sogou.com,Male
954,Heidi,Aleksandrov,haleksandrovqh@altervista.org,Female
955,Xenos,Bedburrow,xbedburrowqi@google.ca,Male
956,Merla,Bresson,mbressonqj@webs.com,Female
957,Sibyl,Ticksall,sticksallqk@youtube.com,Male
958,Durante,Eddow,deddowql@is.gd,Male
959,Gwennie,O'Dee,godeeqm@about.me,Female
960,Agosto,Heald,ahealdqn@skype.com,Male
961,Lock,Quilkin,lquilkinqo@skype.com,Male
962,Allison,Gailor,agailorqp@yelp.com,Female
963,Reba,Redhole,rredholeqq@redcross.org,Female
964,Vanda,Rist,vristqr@addtoany.com,Female
965,Drona,Savary,dsavaryqs@kickstarter.com,Female
966,Evonne,Coan,ecoanqt@telegraph.co.uk,Female
967,Brendan,Abells,babellsqu@youtube.com,Male
968,Ginelle,Maile,gmaileqv@ebay.com,Female
969,Richmound,Symmers,rsymmersqw@php.net,Male
970,Clementia,Baddoe,cbaddoeqx@163.com,Agender
971,Urbanus,Logue,ulogueqy@ucsd.edu,Male
972,Wynn,Colson,wcolsonqz@icio.us,Female
973,Heloise,Grubb,hgrubbr0@nationalgeographic.com,Female
974,Caressa,Gammie,cgammier1@naver.com,Female
975,Bernhard,Kemmish,bkemmishr2@answers.com,Male
976,Sybil,Griffin,sgriffinr3@ask.com,Female
977,Marion,Burchall,mburchallr4@cnet.com,Female
978,Ellen,Picot,epicotr5@facebook.com,Female
979,Hymie,Izen,hizenr6@pen.io,Male
980,Antonino,Tracey,atraceyr7@sfgate.com,Male
981,Haze,Leggott,hleggottr8@xrea.com,Male
982,Chelsea,Vassman,cvassmanr9@usda.gov,Female
983,Taber,Romanski,tromanskira@stumbleupon.com,Male
984,Kelsey,Rosewall,krosewallrb@slate.com,Female
985,Marsha,Nardi,mnardirc@github.com,Female
986,Karina,Heeney,kheeneyrd@barnesandnoble.com,Female
987,Flinn,Colthurst,fcolthurstre@samsung.com,Male
988,Gwenneth,Januszewski,gjanuszewskirf@weibo.com,Polygender
989,Nicoline,Balloch,nballochrg@disqus.com,Female
990,Sal,Bernardoni,sbernardonirh@nba.com,Female
991,Maire,Piegrome,mpiegromeri@jimdo.com,Female
992,Carolann,Exer,cexerrj@state.gov,Female
993,Chantalle,Skoof,cskoofrk@diigo.com,Female
994,Jose,Cully,jcullyrl@hud.gov,Male
995,Sal,Rickaby,srickabyrm@mit.edu,Female
996,Korry,Banghe,kbanghern@nhs.uk,Non-binary
997,Vin,Marcussen,vmarcussenro@about.com,Non-binary
998,Randi,Draxford,rdraxfordrp@live.com,Male
999,Wiley,Dimock,wdimockrq@cisco.com,Male
1000,Elsinore,Belcham,ebelchamrr@toplist.cz,Female
