id,first_name,last_name,email,gender,phone
1,Jackquelin,Mantle,jmantle0@blinklist.com,F,526-905-1352
2,Kristofor,Slocombe,kslocombe1@jiathis.com,M,721-444-0698
3,Noble,Chifney,nchifney2@whitehouse.gov,M,
4,Jewelle,Maskew,jmaskew3@java.com,,765-560-1996
5,Constantina,Frazer,cfrazer4@unblog.fr,F,673-583-7343
6,Bendick,Sigg,bsigg5@statcounter.com,M,458-896-8919
7,Chrysler,Leyre,cleyre6@facebook.com,F,186-921-4636
8,Clayborne,Edmunds,cedmunds7@reddit.com,M,923-113-2085
9,Thia,Whyborne,twhyborne8@msn.com,F,634-776-6202
10,Skipper,Petchell,spetchell9@paginegialle.it,M,
11,Zacharie,Dollard,zdollarda@ft.com,M,387-455-2480
12,Mervin,Candish,mcandishb@slate.com,M,162-857-8958
13,Ogdon,Newman,onewmanc@ameblo.jp,M,551-870-2018
14,Cybil,Tilt,ctiltd@berkeley.edu,F,693-214-6357
15,Burnaby,Blackledge,bblackledgee@surveymonkey.com,M,634-929-2219
16,Julius,Ellis,jellisf@vkontakte.ru,M,599-874-0589
17,Leilah,Kearford,lkearfordg@si.edu,F,141-790-5120
18,Manya,Dubois,mduboish@de.vu,F,787-732-1760
19,Guglielmo,Desport,gdesporti@psu.edu,M,513-320-3733
20,Emyle,Gelderd,egelderdj@prlog.org,F,748-648-6176
21,Lawton,Wetherick,lwetherickk@addthis.com,,638-537-4553
22,Christos,Muddiman,cmuddimanl@deliciousdays.com,M,407-897-6993
23,Bearnard,Foxwell,bfoxwellm@google.com.br,M,885-983-3437
24,Webster,Stanford,wstanfordn@quantcast.com,M,157-311-8209
25,Barde,Dupree,bdupreeo@wix.com,M,963-398-0747
26,Janenna,Pattemore,jpattemorep@virginia.edu,F,404-229-0651
27,Martelle,Gadesby,mgadesbyq@accuweather.com,F,805-312-4318
28,Silvano,Kaysor,skaysorr@yale.edu,M,555-306-0923
29,Ben,Prettyman,bprettymans@netlog.com,M,217-107-4444
30,Roma,Muehle,rmuehlet@about.com,M,531-782-4381
31,Adelind,Sagg,asaggu@mac.com,,
32,Tildie,Jobke,tjobkev@opensource.org,F,513-952-9872
33,Ange,Benfield,abenfieldw@fc2.com,F,229-824-4126
34,Rudyard,Skillington,rskillingtonx@uiuc.edu,M,774-711-7306
35,Puff,Fessler,pfesslery@chicagotribune.com,M,553-659-2717
36,Gordan,Urion,gurionz@sfgate.com,M,156-390-5446
37,Hubey,Proud,hproud10@forbes.com,M,122-219-6388
38,Alanna,Nazaret,anazaret11@seattletimes.com,,879-708-3341
39,Colene,Fairbourn,cfairbourn12@thetimes.co.uk,F,772-377-9117
40,Fan,Arnley,farnley13@free.fr,F,148-662-5034
41,Gertruda,Bartkiewicz,gbartkiewicz14@google.de,F,956-103-4159
42,Berke,Werner,bwerner15@livejournal.com,M,756-990-9650
43,Ignacio,Bessett,ibessett16@mac.com,M,908-284-3925
44,Arlie,Lembrick,alembrick17@java.com,F,
45,Ewan,Maulin,emaulin18@live.com,M,578-542-3507
46,Ilse,Notley,inotley19@google.fr,F,495-177-7380
47,Vanya,Saddleton,vsaddleton1a@biglobe.ne.jp,,716-720-2389
48,Roosevelt,Churn,rchurn1b@usa.gov,M,968-983-8106
49,Arni,Sidebotton,asidebotton1c@t.co,M,871-628-1659
50,Aubry,Rumbelow,arumbelow1d@purevolume.com,F,653-758-5384
51,Zerk,MacChaell,zmacchaell1e@ed.gov,M,497-941-7257
52,Purcell,Sinkin,psinkin1f@house.gov,M,211-112-1771
53,Huntington,Towl,htowl1g@upenn.edu,M,728-353-8393
54,George,Honnicott,ghonnicott1h@mac.com,F,225-612-0860
55,Baudoin,Heustice,bheustice1i@reddit.com,M,422-384-8842
56,Lyndsay,Redparth,lredparth1j@ifeng.com,F,303-654-4806
57,Lazarus,Cabera,lcabera1k@usa.gov,M,269-685-6204
58,Cortney,Glyn,cglyn1l@washingtonpost.com,F,109-434-2199
59,Woody,Shankland,wshankland1m@deviantart.com,M,
60,Garald,Misken,gmisken1n@360.cn,M,865-773-4992
61,Jarrod,Treacher,jtreacher1o@adobe.com,M,621-514-6257
62,Miran,Tippett,mtippett1p@quantcast.com,F,616-592-4196
63,Weber,Pidgley,wpidgley1q@timesonline.co.uk,M,173-749-3268
64,Moselle,McGarel,mmcgarel1r@arizona.edu,F,123-183-2304
65,Jo,McRavey,jmcravey1s@admin.ch,F,134-641-2271
66,Rockey,Cassey,rcassey1t@spiegel.de,M,738-992-4665
67,Rusty,Shafe,rshafe1u@tumblr.com,M,917-520-7956
68,Angeline,Cardiff,acardiff1v@ebay.com,F,779-476-5133
69,Hayward,Weedall,hweedall1w@redcross.org,M,791-692-8552
70,Enrico,Di Franceshci,edifranceshci1x@ted.com,M,657-593-6340
71,Laurent,Novic,lnovic1y@slideshare.net,M,834-996-9233
72,Man,O'Glessane,moglessane1z@hibu.com,M,545-754-7439
73,Killy,Lamberts,klamberts20@clickbank.net,M,
74,Christa,Gillott,cgillott21@tinyurl.com,F,881-127-7714
75,Siward,Antonchik,santonchik22@wiley.com,M,587-697-1343
76,Myrtie,Tomkinson,mtomkinson23@xinhuanet.com,F,525-504-2746
77,Eal,Openshaw,eopenshaw24@walmart.com,M,250-892-1412
78,Beth,Spurnier,bspurnier25@mayoclinic.com,F,337-231-9703
79,Vernice,Lettson,vlettson26@tamu.edu,F,
80,Craggie,Milward,cmilward27@washingtonpost.com,M,693-431-5076
81,Sid,D'Antoni,sdantoni28@latimes.com,M,298-935-3499
82,Phyllida,Ricciardi,pricciardi29@cnn.com,,177-265-7447
83,Cyrus,Shimuk,cshimuk2a@whitehouse.gov,,258-724-4375
84,Irina,Pulster,ipulster2b@howstuffworks.com,F,956-307-5715
85,Seth,O' Faherty,sofaherty2c@4shared.com,,675-218-4902
86,Gunther,Bourchier,gbourchier2d@nytimes.com,M,473-266-9837
87,Caesar,Stainfield,cstainfield2e@smugmug.com,M,739-336-3286
88,Nelli,Phipps,nphipps2f@zdnet.com,F,121-573-3701
89,Pepe,Hazell,phazell2g@clickbank.net,M,818-442-8020
90,Britta,Bumpass,bbumpass2h@canalblog.com,F,927-762-0083
91,Morry,Pulham,mpulham2i@umich.edu,M,443-291-8108
92,Brenden,Sandland,bsandland2j@cmu.edu,M,318-729-5761
93,Hanson,Bromley,hbromley2k@trellian.com,M,499-546-5171
94,Meagan,Frend,mfrend2l@themeforest.net,F,579-465-4049
95,Teressa,Lythgoe,tlythgoe2m@java.com,F,397-432-4255
96,Verena,O'Flynn,voflynn2n@ebay.co.uk,F,182-257-6479
97,Rex,Torry,rtorry2o@clickbank.net,M,695-619-7595
98,Paddy,Gatheral,pgatheral2p@businessinsider.com,M,791-840-3244
99,Tedmund,Shillom,tshillom2q@auda.org.au,M,439-117-9766
100,Thorndike,Gabbidon,tgabbidon2r@mapquest.com,M,432-816-2976
