id,first_name,last_name,email,gender
1,Clarie,Vasilechko,cvasilechko0@samsung.com,F
2,Wheeler,Middlewick,wmiddlewick1@wikia.com,M
3,Melisse,Feasby,mfeasby2@goo.gl,F
4,Darwin,Kmiec,dkmiec3@constantcontact.com,M
5,Ben,Snoddin,bsnoddin4@yellowpages.com,M
6,Stillman,Brister,sbrister5@istockphoto.com,M
7,Ciel,Lyons,clyons6@miibeian.gov.cn,F
8,Michel,Belz,mbelz7@foxnews.com,M
9,Nancie,Ackhurst,nackhurst8@mtv.com,F
10,Evyn,Kimmings,ekimmings9@independent.co.uk,M
11,Alic,O'Shields,aoshieldsa@macromedia.com,M
12,Madalyn,Vanstone,mvanstoneb@nasa.gov,F
13,Mikey,Froschauer,mfroschauerc@360.cn,M
14,Coralyn,Brookshaw,cbrookshawd@mysql.com,F
15,Derry,Fink,dfinke@freewebs.com,M
16,Antons,Beresfore,aberesforef@nih.gov,M
17,Dominic,Gercken,dgerckeng@amazon.co.uk,M
18,Darlleen,Headey,dheadeyh@wunderground.com,F
19,Wade,Margerrison,wmargerrisoni@soundcloud.com,M
20,Creight,Keattch,ckeattchj@mozilla.org,M
21,Yvor,Nix,ynixk@comsenz.com,M
22,Karleen,Barrell,kbarrelll@g.co,F
23,Arlene,Clarabut,aclarabutm@google.fr,F
24,Demetrius,Arrandale,darrandalen@behance.net,M
25,Ivonne,Guerrero,iguerreroo@phoca.cz,F
26,Maryjo,Plaunch,mplaunchp@hao123.com,F
27,Harlin,Salaman,hsalamanq@ucsd.edu,M
28,Roi,McGebenay,rmcgebenayr@google.co.uk,M
29,Saidee,Greenhalgh,sgreenhalghs@lycos.com,F
30,Barnabas,Seymer,bseymert@moonfruit.com,M
31,Silvester,Sheerman,ssheermanu@indiegogo.com,M
32,Skye,Capelow,scapelowv@hud.gov,M
33,Brendin,Rivers,briversw@plala.or.jp,M
34,Trudie,Sturror,tsturrorx@yellowbook.com,F
35,Berkie,Bucke,bbuckey@youtube.com,M
36,Eliot,De Pietri,edepietriz@house.gov,M
37,Darby,Abella,dabella10@discuz.net,F
38,Wolfie,Swinnerton,wswinnerton11@mediafire.com,M
39,Norton,Seys,nseys12@hugedomains.com,M
40,Christina,Yegoshin,cyegoshin13@51.la,F
41,Golda,Silcocks,gsilcocks14@t.co,F
42,Whitney,Kitchingman,wkitchingman15@goodreads.com,F
43,Conroy,Watsham,cwatsham16@earthlink.net,M
44,Phillie,Andryushin,pandryushin17@list-manage.com,F
45,Myranda,Du Hamel,mduhamel18@hugedomains.com,F
46,Aube,Sartain,asartain19@jiathis.com,M
47,Kath,Harle,kharle1a@newsvine.com,F
48,Joana,Tuppeny,jtuppeny1b@amazon.de,F
49,Kristien,Rosenschein,krosenschein1c@4shared.com,F
50,Rhonda,Cosslett,rcosslett1d@reuters.com,F
51,Guss,Scarlan,gscarlan1e@paginegialle.it,M
52,Shelly,Leeb,sleeb1f@cyberchimps.com,F
53,Cynde,Folkerts,cfolkerts1g@psu.edu,F
54,Raimondo,Neary,rneary1h@paypal.com,M
55,Barbabra,Le Estut,bleestut1i@tumblr.com,F
56,Katharine,Brimicombe,kbrimicombe1j@weibo.com,F
57,Adel,Marczyk,amarczyk1k@hubpages.com,F
58,Laurel,Birtle,lbirtle1l@newsvine.com,F
59,Ambrose,Cullnean,acullnean1m@princeton.edu,M
60,Jaimie,Rackam,jrackam1n@epa.gov,M
61,Gale,Szwandt,gszwandt1o@lycos.com,F
62,Horatia,Eannetta,heannetta1p@cnn.com,F
63,Loydie,Philpots,lphilpots1q@cloudflare.com,M
64,Cozmo,Giron,cgiron1r@vistaprint.com,M
65,Emelia,Bletsor,ebletsor1s@icq.com,F
66,Tammara,Berkeley,tberkeley1t@dion.ne.jp,F
67,Lana,Hanvey,lhanvey1u@issuu.com,F
68,Francklyn,Runnicles,frunnicles1v@engadget.com,M
69,Gayler,Heavens,gheavens1w@vinaora.com,M
70,Genevra,Stilgoe,gstilgoe1x@google.co.uk,F
71,Garik,Gingel,ggingel1y@rakuten.co.jp,M
72,Ddene,Sizeland,dsizeland1z@nature.com,F
73,Clay,Fenty,cfenty20@geocities.jp,M
74,Ofella,O'Loughnan,ooloughnan21@arstechnica.com,F
75,Ryann,Astell,rastell22@google.co.uk,F
76,Tracy,Corran,tcorran23@virginia.edu,F
77,Ferdinande,Hirtzmann,fhirtzmann24@oracle.com,F
78,Min,Alkins,malkins25@intel.com,F
79,Pen,Ableson,pableson26@dailymotion.com,M
80,Laurens,Craigie,lcraigie27@omniture.com,M
81,Seline,Brasener,sbrasener28@shareasale.com,F
82,Kathie,Swatheridge,kswatheridge29@ifeng.com,F
83,Mag,Langwade,mlangwade2a@intel.com,F
84,Mackenzie,Scrauniage,mscrauniage2b@cyberchimps.com,M
85,Janot,Attewill,jattewill2c@booking.com,F
86,Phoebe,Duligal,pduligal2d@naver.com,F
87,Gilda,McCard,gmccard2e@virginia.edu,F
88,Thadeus,Christofe,tchristofe2f@huffingtonpost.com,M
89,Mark,Cogswell,mcogswell2g@seesaa.net,M
90,Bambie,Dulen,bdulen2h@infoseek.co.jp,F
91,Cozmo,Carlesso,ccarlesso2i@noaa.gov,M
92,Tim,Signe,tsigne2j@over-blog.com,M
93,Meta,Grenshiels,mgrenshiels2k@dell.com,F
94,Fannie,Cockney,fcockney2l@eepurl.com,F
95,Rubia,Hartland,rhartland2m@fda.gov,F
96,Atlante,Milksop,amilksop2n@weibo.com,F
97,Denice,Benam,dbenam2o@a8.net,F
98,Giffie,Attoe,gattoe2p@nydailynews.com,M
99,Cindie,Huison,chuison2q@amazon.de,F
100,Giles,McIlwraith,gmcilwraith2r@cpanel.net,M
